Dom;Seg;Ter;Qua;Qui;Sex;Sáb;mês;ano
1;2;3;4;5;6;7;Janeiro;2023
8;9;10;11;12;13;14;Janeiro;2023
15;16;17;18;19;20;21;Janeiro;2023
22;23;24;25;26;27;28;Janeiro;2023
29;30;31;";";";";";";";";Janeiro;2023
1;2;3;4;5;6;7;Fevereiro;2023
8;9;10;11;12;13;14;Fevereiro;2023
15;16;17;18;19;20;21;Fevereiro;2023
22;23;24;25;26;27;28;Fevereiro;2023
";";";";";";";";";";";";";";Fevereiro;2023
1;2;3;4;5;6;7;Março;2023
8;9;10;11;12;13;14;Março;2023
15;16;17;18;19;20;21;Março;2023
22;23;24;25;26;27;28;Março;2023
29;30;31;";";";";";";";";Março;2023
1;2;3;4;5;6;7;Abril;2023
8;9;10;11;12;13;14;Abril;2023
15;16;17;18;19;20;21;Abril;2023
22;23;24;25;26;27;28;Abril;2023
29;30;";";";";";";";";";";Abril;2023
1;2;3;4;5;6;7;Maio;2023
8;9;10;11;12;13;14;Maio;2023
15;16;17;18;19;20;21;Maio;2023
22;23;24;25;26;27;28;Maio;2023
29;30;31;";";";";";";";";Maio;2023
1;2;3;4;5;6;7;Junho;2023
8;9;10;11;12;13;14;Junho;2023
15;16;17;18;19;20;21;Junho;2023
22;23;24;25;26;27;28;Junho;2023
29;30;";";";";";";";";";";Junho;2023
1;2;3;4;5;6;7;Julho;2023
8;9;10;11;12;13;14;Julho;2023
15;16;17;18;19;20;21;Julho;2023
22;23;24;25;26;27;28;Julho;2023
29;30;31;";";";";";";";";Julho;2023
1;2;3;4;5;6;7;Agosto;2023
8;9;10;11;12;13;14;Agosto;2023
15;16;17;18;19;20;21;Agosto;2023
22;23;24;25;26;27;28;Agosto;2023
29;30;31;";";";";";";";";Agosto;2023
1;2;3;4;5;6;7;Setembro;2023
8;9;10;11;12;13;14;Setembro;2023
15;16;17;18;19;20;21;Setembro;2023
22;23;24;25;26;27;28;Setembro;2023
29;30;";";";";";";";";";";Setembro;2023
1;2;3;4;5;6;7;Outubro;2023
8;9;10;11;12;13;14;Outubro;2023
15;16;17;18;19;20;21;Outubro;2023
22;23;24;25;26;27;28;Outubro;2023
29;30;31;";";";";";";";";Outubro;2023
1;2;3;4;5;6;7;Novembro;2023
8;9;10;11;12;13;14;Novembro;2023
15;16;17;18;19;20;21;Novembro;2023
22;23;24;25;26;27;28;Novembro;2023
29;30;";";";";";";";";";";Novembro;2023
1;2;3;4;5;6;7;Dezembro;2023
8;9;10;11;12;13;14;Dezembro;2023
15;16;17;18;19;20;21;Dezembro;2023
22;23;24;25;26;27;28;Dezembro;2023
29;30;31;";";";";";";";";Dezembro;2023
